"ID","Gemeinde_color","Ja_Stimmen_In_Prozent","Nein_Stimmen_In_Prozent","Gemeinde_fr","Text_fr"
301,74.2,74.2,25.8,"Aarberg (BE)","Avec 74,2 pour cent de oui, Aarberg se prononce en faveur de l’initiative solaire. Le contre-projet est rejeté par 52,5 pour cent des électeurs."
302,66.4,66.4,33.6,"Bargen (BE)","66,4 pour cent des citoyens de Bargen (BE) approuvent l’initiative solaire, et 54,2 pour cent soutiennent le contre-projet. Lors de la question subsidiaire, le contre-projet l’emporte avec 84,4 pour cent des voix."
303,58.9,58.9,41.1,"Grossaffoltern (BE)","58,9 pour cent des citoyens de Grossaffoltern approuvent l’initiative solaire, et 61,7 pour cent soutiennent le contre-projet. Lors de la question subsidiaire, l’initiative solaire l’emporte avec 54,3 pour cent."
304,2.6,2.6,97.4,"Kallnach (BE)","Kallnach rejette l’initiative solaire avec 97,4 pour cent et approuve le contre-projet avec 64,6 pour cent."
305,79.9,79.9,20.1,"Kappelen (BE)","79,9 pour cent des citoyens de Kappelen approuvent l’initiative solaire. Ils rejettent le contre-projet avec 52,2 pour cent."
306,66.9,66.9,33.1,"Lyss (BE)","Lyss accepte à la fois l’initiative solaire et le contre-projet avec 66,9 pour cent et 70,2 pour cent respectivement. Lors de la question subsidiaire, la commune opte pour l’initiative solaire avec 70,1 pour cent."
307,83.3,83.3,16.7,"Meikirch (BE)","Avec 83,3 pour cent de oui, Meikirch se prononce en faveur de l’initiative solaire et, avec 51,3 pour cent de oui, également pour le contre-projet. Lors de la question subsidiaire, le contre-projet l’emporte avec 68,2 pour cent des voix."
309,39.4,39.4,60.6,"Radelfingen (BE)","Radelfingen rejette à la fois l’initiative solaire et le contre-projet, avec 60,6 et 89,2 pour cent respectivement."
310,85.2,85.2,14.8,"Rapperswil (BE)","Rapperswil (BE) approuve l’initiative solaire avec 85,2 pour cent et rejette le contre-projet avec 71 pour cent des voix."
311,65.6,65.6,34.4,"Schüpfen (BE)","65,6 pour cent des citoyens de Schüpfen approuvent l’initiative solaire. Ils rejettent le contre-projet avec 67,6 pour cent."
312,12,12,88,"Seedorf (BE)","Avec 64,1 pour cent de oui, Seedorf (BE) se prononce en faveur du contre-projet à l’initiative solaire. L’initiative solaire est rejetée avec 88 pour cent."
321,36.1,36.1,63.9,"Aarwangen (BE)","Avec 58,5 pour cent de oui, Aarwangen se prononce en faveur du contre-projet à l’initiative solaire. L’initiative solaire est rejetée avec 63,9 pour cent."
322,33.4,33.4,66.6,"Auswil (BE)","Auswil rejette l’initiative solaire avec 66,6 pour cent et approuve le contre-projet avec 66,5 pour cent."
323,69.6,69.6,30.4,"Bannwil (BE)","Avec 69,6 pour cent de oui, Bannwil se prononce en faveur de l’initiative solaire et, avec 73,4 pour cent de oui, également pour le contre-projet. Lors de la question subsidiaire, le contre-projet l’emporte avec 76,1 pour cent des voix."
324,84.4,84.4,15.6,"Bleienbach (BE)","Avec 84,4 pour cent de oui, Bleienbach se prononce en faveur de l’initiative solaire. Le contre-projet est rejeté par 90,9 pour cent des électeurs."
325,69.5,69.5,30.5,"Busswil bei Melchnau (BE)","69,5 pour cent des citoyens de Busswil bei Melchnau approuvent l’initiative solaire. Ils rejettent le contre-projet avec 84,3 pour cent."
326,84.2,84.2,15.8,"Gondiswil (BE)","Gondiswil accepte à la fois l’initiative solaire et le contre-projet avec 84,2 pour cent et 60,4 pour cent respectivement. Lors de la question subsidiaire, la commune opte pour l’initiative solaire avec 62,1 pour cent."
329,5.6,5.6,94.4,"Langenthal (BE)","63,4 pour cent des citoyens de Langenthal approuvent le contre-projet à l’initiative solaire. Ils rejettent l’initiative avec 94,4 pour cent."
331,79.9,79.9,20.1,"Lotzwil (BE)","Avec 79,9 pour cent de oui, Lotzwil se prononce en faveur de l’initiative solaire et, avec 98,2 pour cent de oui, également pour le contre-projet. Lors de la question subsidiaire, le contre-projet l’emporte avec 86,9 pour cent des voix."
332,32.8,32.8,67.2,"Madiswil (BE)","87 pour cent des citoyens de Madiswil approuvent le contre-projet à l’initiative solaire. Ils rejettent l’initiative avec 67,2 pour cent."
333,92.2,92.2,7.8,"Melchnau (BE)","Avec 92,2 pour cent de oui, Melchnau se prononce en faveur de l’initiative solaire et, avec 83,7 pour cent de oui, également pour le contre-projet. Lors de la question subsidiaire, l’initiative solaire l’emporte avec 55,6 pour cent."
335,96.6,96.6,3.4,"Oeschenbach (BE)","Avec 96,6 pour cent de oui, Oeschenbach se prononce en faveur de l’initiative solaire. Le contre-projet est rejeté par 64,7 pour cent des électeurs."
336,61.3,61.3,38.7,"Reisiswil (BE)","61,3 pour cent des citoyens de Reisiswil approuvent l’initiative solaire, et 95,1 pour cent soutiennent le contre-projet. Lors de la question subsidiaire, le contre-projet l’emporte avec 61,1 pour cent des voix."
337,29.9,29.9,70.1,"Roggwil (BE)","À Roggwil (BE), les deux propositions sont rejetées. L’initiative solaire est refusée avec 70,1 pour cent et le contre-projet avec 50,7 pour cent."
338,74.2,74.2,25.8,"Rohrbach (BE)","Avec 74,2 pour cent de oui, Rohrbach se prononce en faveur de l’initiative solaire. Le contre-projet est rejeté par 79,2 pour cent des électeurs."
339,73.9,73.9,26.1,"Rohrbachgraben (BE)","Avec 73,9 pour cent de oui, Rohrbachgraben se prononce en faveur de l’initiative solaire. Le contre-projet est rejeté par 60,6 pour cent des électeurs."
340,74.4,74.4,25.6,"Rütschelen (BE)","74,4 pour cent des citoyens de Rütschelen approuvent l’initiative solaire, et 51 pour cent soutiennent le contre-projet. Lors de la question subsidiaire, l’initiative solaire l’emporte avec 81,3 pour cent."
341,30.9,30.9,69.1,"Schwarzhäusern (BE)","Schwarzhäusern rejette l’initiative solaire avec 69,1 pour cent et approuve le contre-projet avec 72,3 pour cent."
342,73.6,73.6,26.4,"Thunstetten (BE)","Avec 73,6 pour cent de oui, Thunstetten se prononce en faveur de l’initiative solaire et, avec 51,8 pour cent de oui, également pour le contre-projet. Lors de la question subsidiaire, le contre-projet l’emporte avec 57 pour cent des voix."
344,44.5,44.5,55.5,"Ursenbach (BE)","À Ursenbach, les deux propositions sont rejetées. L’initiative solaire est refusée avec 55,5 pour cent et le contre-projet avec 58,9 pour cent."
345,45.3,45.3,54.7,"Wynau (BE)","Wynau rejette à la fois l’initiative solaire et le contre-projet, avec 54,7 et 86,9 pour cent respectivement."
351,49.4,49.4,50.6,"Berne (BE)","90,7 pour cent des citoyens de Berne approuvent le contre-projet à l’initiative solaire. Ils rejettent l’initiative avec 50,6 pour cent."
352,5.2,5.2,94.8,"Bolligen (BE)","Bolligen rejette l’initiative solaire avec 94,8 pour cent et approuve le contre-projet avec 76,9 pour cent."
353,54,54,46,"Bremgarten bei Bern (BE)","Avec 54 pour cent de oui, Bremgarten bei Bern se prononce en faveur de l’initiative solaire et, avec 57,4 pour cent de oui, également pour le contre-projet. Lors de la question subsidiaire, l’initiative solaire l’emporte avec 90,4 pour cent."
354,77.9,77.9,22.1,"Kirchlindach (BE)","Avec 77,9 pour cent de oui, Kirchlindach se prononce en faveur de l’initiative solaire. Le contre-projet est rejeté par 59 pour cent des électeurs."
355,38.7,38.7,61.3,"Köniz (BE)","Köniz rejette l’initiative solaire avec 61,3 pour cent et approuve le contre-projet avec 52 pour cent."
356,52.9,52.9,47.1,"Muri bei Bern (BE)","Avec 52,9 pour cent de oui, Muri bei Bern se prononce en faveur de l’initiative solaire et, avec 88,8 pour cent de oui, également pour le contre-projet. Lors de la question subsidiaire, l’initiative solaire l’emporte avec 78 pour cent."
357,36.2,36.2,63.8,"Oberbalm (BE)","52,1 pour cent des citoyens d'Oberbalm approuvent le contre-projet à l’initiative solaire. Ils rejettent l’initiative avec 63,8 pour cent."
358,26.4,26.4,73.6,"Stettlen (BE)","Avec 73,2 pour cent de oui, Stettlen se prononce en faveur du contre-projet à l’initiative solaire. L’initiative solaire est rejetée avec 73,6 pour cent."
359,73.4,73.4,26.6,"Vechigen (BE)","Vechigen approuve l’initiative solaire avec 73,4 pour cent et rejette le contre-projet avec 51,1 pour cent des voix."
360,51,51,49,"Wohlen bei Bern (BE)","Avec 51 pour cent de oui, Wohlen bei Bern se prononce en faveur de l’initiative solaire. Le contre-projet est rejeté par 88,1 pour cent des électeurs."
361,20.7,20.7,79.3,"Zollikofen (BE)","71,4 pour cent des citoyens de Zollikofen approuvent le contre-projet à l’initiative solaire. Ils rejettent l’initiative avec 79,3 pour cent."
362,6.2,6.2,93.8,"Ittigen (BE)","À Ittigen, les deux propositions sont rejetées. L’initiative solaire est refusée avec 93,8 pour cent et le contre-projet avec 58,9 pour cent."
363,64.4,64.4,35.6,"Ostermundigen (BE)","Ostermundigen accepte à la fois l’initiative solaire et le contre-projet avec 64,4 pour cent et 70,4 pour cent respectivement. Lors de la question subsidiaire, la commune choisit le contre-projet avec 53,2 pour cent des voix."
371,29.4,29.4,70.6,"Bienne (BE)","Non à l’initiative et au contre-projet à Bienne : 70,6 pour cent rejettent l’initiative solaire et 54,3 pour cent rejettent le contre-projet."
372,45.5,45.5,54.5,"Evilard (BE)","Evilard rejette à la fois l’initiative solaire et le contre-projet, avec 54,5 et 79,9 pour cent respectivement."
381,65.9,65.9,34.1,"Arch (BE)","Avec 65,9 pour cent de oui, Arch se prononce en faveur de l’initiative solaire et, avec 97,7 pour cent de oui, également pour le contre-projet. Lors de la question subsidiaire, l’initiative solaire l’emporte avec 52 pour cent."
382,47.3,47.3,52.7,"Büetigen (BE)","56,4 pour cent des citoyens de Büetigen approuvent le contre-projet à l’initiative solaire. Ils rejettent l’initiative avec 52,7 pour cent."
383,34.3,34.3,65.7,"Büren an der Aare (BE)","Büren an der Aare rejette à la fois l’initiative solaire et le contre-projet, avec 65,7 et 58,8 pour cent respectivement."
385,83.5,83.5,16.5,"Diessbach bei Büren (BE)","Avec 83,5 pour cent de oui, Diessbach bei Büren se prononce en faveur de l’initiative solaire et, avec 94,6 pour cent de oui, également pour le contre-projet. Lors de la question subsidiaire, le contre-projet l’emporte avec 52,7 pour cent des voix."
386,49.9,49.9,50.1,"Dotzigen (BE)","À Dotzigen, les deux propositions sont rejetées. L’initiative solaire est refusée avec 50,1 pour cent et le contre-projet avec 90,3 pour cent."
387,16,16,84,"Longeau (BE)","Non à l’initiative et au contre-projet à Longeau : 84 pour cent rejettent l’initiative solaire et 52,3 pour cent rejettent le contre-projet."
388,13.7,13.7,86.3,"Leuzigen (BE)","Leuzigen rejette l’initiative solaire avec 86,3 pour cent et approuve le contre-projet avec 76,3 pour cent."
390,43.2,43.2,56.8,"Meinisberg (BE)","Meinisberg rejette à la fois l’initiative solaire et le contre-projet, avec 56,8 et 55,2 pour cent respectivement."
391,77.7,77.7,22.3,"Oberwil bei Büren (BE)","Oberwil bei Büren approuve l’initiative solaire avec 77,7 pour cent et rejette le contre-projet avec 80,8 pour cent des voix."
392,87.1,87.1,12.9,"Perles (BE)","Perles accepte à la fois l’initiative solaire et le contre-projet avec 87,1 pour cent et 54,9 pour cent respectivement. Lors de la question subsidiaire, la commune opte pour l’initiative solaire avec 67,6 pour cent."
393,58.8,58.8,41.2,"Rüti bei Büren (BE)","Avec 58,8 pour cent de oui, Rüti bei Büren se prononce en faveur de l’initiative solaire. Le contre-projet est rejeté par 84,6 pour cent des électeurs."
394,88.1,88.1,11.9,"Wengi (BE)","Wengi approuve l’initiative solaire avec 88,1 pour cent et rejette le contre-projet avec 95,6 pour cent des voix."
401,10.1,10.1,89.9,"Aefligen (BE)","À Aefligen, les deux propositions sont rejetées. L’initiative solaire est refusée avec 89,9 pour cent et le contre-projet avec 64,2 pour cent."
402,60.2,60.2,39.8,"Alchenstorf (BE)","Alchenstorf approuve l’initiative solaire avec 60,2 pour cent et rejette le contre-projet avec 69,8 pour cent des voix."
403,9.1,9.1,90.9,"Bäriswil (BE)","Avec 90,2 pour cent de oui, Bäriswil se prononce en faveur du contre-projet à l’initiative solaire. L’initiative solaire est rejetée avec 90,9 pour cent."
404,2.4,2.4,97.6,"Berthoud (BE)","À Berthoud, les deux propositions sont rejetées. L’initiative solaire est refusée avec 97,6 pour cent et le contre-projet avec 50,3 pour cent."
405,27.2,27.2,72.8,"Ersigen (BE)","Ersigen rejette l’initiative solaire avec 72,8 pour cent et approuve le contre-projet avec 61 pour cent."
406,54.7,54.7,45.3,"Hasle bei Burgdorf (BE)","54,7 pour cent des citoyens de Hasle bei Burgdorf approuvent l’initiative solaire, et 70 pour cent soutiennent le contre-projet. Lors de la question subsidiaire, l’initiative solaire l’emporte avec 97,3 pour cent."
407,77.9,77.9,22.1,"Heimiswil (BE)","77,9 pour cent des citoyens de Heimiswil approuvent l’initiative solaire. Ils rejettent le contre-projet avec 90,5 pour cent."
409,18,18,82,"Hindelbank (BE)","62,1 pour cent des citoyens de Hindelbank approuvent le contre-projet à l’initiative solaire. Ils rejettent l’initiative avec 82 pour cent."
410,34.4,34.4,65.6,"Höchstetten (BE)","Avec 74,9 pour cent de oui, Höchstetten se prononce en faveur du contre-projet à l’initiative solaire. L’initiative solaire est rejetée avec 65,6 pour cent."
411,84.2,84.2,15.8,"Kernenried (BE)","Avec 84,2 pour cent de oui, Kernenried se prononce en faveur de l’initiative solaire. Le contre-projet est rejeté par 77,6 pour cent des électeurs."
412,28.9,28.9,71.1,"Kirchberg (BE)","Kirchberg (BE) rejette l’initiative solaire avec 71,1 pour cent et approuve le contre-projet avec 54 pour cent."
413,44.9,44.9,55.1,"Koppigen (BE)","À Koppigen, les deux propositions sont rejetées. L’initiative solaire est refusée avec 55,1 pour cent et le contre-projet avec 71,5 pour cent."
414,70.9,70.9,29.1,"Krauchthal (BE)","70,9 pour cent des citoyens de Krauchthal approuvent l’initiative solaire, et 80,9 pour cent soutiennent le contre-projet. Lors de la question subsidiaire, le contre-projet l’emporte avec 62,1 pour cent des voix."
415,90.3,90.3,9.7,"Lyssach (BE)","Avec 90,3 pour cent de oui, Lyssach se prononce en faveur de l’initiative solaire. Le contre-projet est rejeté par 68 pour cent des électeurs."
418,22,22,78,"Oberburg (BE)","Non à l’initiative et au contre-projet à Oberburg : 78 pour cent rejettent l’initiative solaire et 52,7 pour cent rejettent le contre-projet."
420,53.1,53.1,46.9,"Rüdtligen-Alchenflüh (BE)","Rüdtligen-Alchenflüh approuve l’initiative solaire avec 53,1 pour cent et rejette le contre-projet avec 52,1 pour cent des voix."
421,50.6,50.6,49.4,"Rumendingen (BE)","Rumendingen approuve l’initiative solaire avec 50,6 pour cent et rejette le contre-projet avec 74,9 pour cent des voix."
422,86,86,14,"Rüti bei Lyssach (BE)","86 pour cent des citoyens de Rüti bei Lyssach approuvent l’initiative solaire, et 65,8 pour cent soutiennent le contre-projet. Lors de la question subsidiaire, le contre-projet l’emporte avec 53 pour cent des voix."
423,46.2,46.2,53.8,"Willadingen (BE)","Avec 53 pour cent de oui, Willadingen se prononce en faveur du contre-projet à l’initiative solaire. L’initiative solaire est rejetée avec 53,8 pour cent."
424,79.5,79.5,20.5,"Wynigen (BE)","79,5 pour cent des citoyens de Wynigen approuvent l’initiative solaire, et 55,1 pour cent soutiennent le contre-projet. Lors de la question subsidiaire, l’initiative solaire l’emporte avec 90,8 pour cent."
431,55.9,55.9,44.1,"Corgémont (BE)","55,9 pour cent des citoyens de Corgémont approuvent l’initiative solaire, et 82,7 pour cent soutiennent le contre-projet. Lors de la question subsidiaire, le contre-projet l’emporte avec 61,9 pour cent des voix."
432,90.6,90.6,9.4,"Cormoret (BE)","90,6 pour cent des citoyens de Cormoret approuvent l’initiative solaire. Ils rejettent le contre-projet avec 56,4 pour cent."
433,72.3,72.3,27.7,"Cortébert (BE)","Avec 72,3 pour cent de oui, Cortébert se prononce en faveur de l’initiative solaire et, avec 74,3 pour cent de oui, également pour le contre-projet. Lors de la question subsidiaire, l’initiative solaire l’emporte avec 82,3 pour cent."
434,47,47,53,"Courtelary (BE)","À Courtelary, les deux propositions sont rejetées. L’initiative solaire est refusée avec 53 pour cent et le contre-projet avec 73,2 pour cent."
435,59.8,59.8,40.2,"La Ferrière (BE)","Avec 59,8 pour cent de oui, La Ferrière se prononce en faveur de l’initiative solaire. Le contre-projet est rejeté par 52,3 pour cent des électeurs."
437,45.4,45.4,54.6,"Mont-Tramelan (BE)","Non à l’initiative et au contre-projet à Mont-Tramelan : 54,6 pour cent rejettent l’initiative solaire et 55,9 pour cent rejettent le contre-projet."
438,25.8,25.8,74.2,"Orvin (BE)","Avec 54,9 pour cent de oui, Orvin se prononce en faveur du contre-projet à l’initiative solaire. L’initiative solaire est rejetée avec 74,2 pour cent."
441,56.9,56.9,43.1,"Renan (BE)","56,9 pour cent des citoyens de Renan (BE) approuvent l’initiative solaire, et 93,4 pour cent soutiennent le contre-projet. Lors de la question subsidiaire, le contre-projet l’emporte avec 52,6 pour cent des voix."
442,28.3,28.3,71.7,"Romont (BE)","Avec 87 pour cent de oui, Romont (BE) se prononce en faveur du contre-projet à l’initiative solaire. L’initiative solaire est rejetée avec 71,7 pour cent."
443,43.9,43.9,56.1,"Saint-Imier (BE)","57,5 pour cent des citoyens de Saint-Imier approuvent le contre-projet à l’initiative solaire. Ils rejettent l’initiative avec 56,1 pour cent."
444,93.7,93.7,6.3,"Sonceboz-Sombeval (BE)","Avec 93,7 pour cent de oui, Sonceboz-Sombeval se prononce en faveur de l’initiative solaire et, avec 51,1 pour cent de oui, également pour le contre-projet. Lors de la question subsidiaire, l’initiative solaire l’emporte avec 56,5 pour cent."
445,14.6,14.6,85.4,"Sonvilier (BE)","Non à l’initiative et au contre-projet à Sonvilier : 85,4 pour cent rejettent l’initiative solaire et 50,1 pour cent rejettent le contre-projet."
446,65.6,65.6,34.4,"Tramelan (BE)","Avec 65,6 pour cent de oui, Tramelan se prononce en faveur de l’initiative solaire et, avec 65,6 pour cent de oui, également pour le contre-projet. Lors de la question subsidiaire, l’initiative solaire l’emporte avec 63,6 pour cent."
448,89.5,89.5,10.5,"Villeret (BE)","Villeret approuve l’initiative solaire avec 89,5 pour cent et rejette le contre-projet avec 56,3 pour cent des voix."
449,45.3,45.3,54.7,"Sauge (BE)","À Sauge, les deux propositions sont rejetées. L’initiative solaire est refusée avec 54,7 pour cent et le contre-projet avec 72 pour cent."
450,51.5,51.5,48.5,"Péry-La Heutte (BE)","Avec 51,5 pour cent de oui, Péry-La Heutte se prononce en faveur de l’initiative solaire. Le contre-projet est rejeté par 78,9 pour cent des électeurs."
491,47.6,47.6,52.4,"Brüttelen (BE)","Non à l’initiative et au contre-projet à Brüttelen : 52,4 pour cent rejettent l’initiative solaire et 62,7 pour cent rejettent le contre-projet."
492,8.9,8.9,91.1,"Cerlier (BE)","Non à l’initiative et au contre-projet à Cerlier : 91,1 pour cent rejettent l’initiative solaire et 81 pour cent rejettent le contre-projet."
493,37.5,37.5,62.5,"Finsterhennen (BE)","Finsterhennen rejette à la fois l’initiative solaire et le contre-projet, avec 62,5 et 73,3 pour cent respectivement."
494,66,66,34,"Gals (BE)","Avec 66 pour cent de oui, Gals se prononce en faveur de l’initiative solaire et, avec 89,6 pour cent de oui, également pour le contre-projet. Lors de la question subsidiaire, l’initiative solaire l’emporte avec 79,9 pour cent."
495,56.3,56.3,43.7,"Champion (Gampelen) (BE)","Avec 56,3 pour cent de oui, Champion (Gampelen) se prononce en faveur de l’initiative solaire et, avec 51,2 pour cent de oui, également pour le contre-projet. Lors de la question subsidiaire, l’initiative solaire l’emporte avec 88,5 pour cent."
496,40.7,40.7,59.3,"Anet (BE)","Anet rejette l’initiative solaire avec 59,3 pour cent et approuve le contre-projet avec 69,5 pour cent."
497,78.1,78.1,21.9,"Lüscherz (BE)","78,1 pour cent des citoyens de Lüscherz approuvent l’initiative solaire. Ils rejettent le contre-projet avec 58,3 pour cent."
498,50.5,50.5,49.5,"Müntschemier (BE)","Müntschemier approuve l’initiative solaire avec 50,5 pour cent et rejette le contre-projet avec 90,9 pour cent des voix."
499,55.1,55.1,44.9,"Siselen (BE)","55,1 pour cent des citoyens de Siselen approuvent l’initiative solaire. Ils rejettent le contre-projet avec 62,6 pour cent."
500,42.3,42.3,57.7,"Treiten (BE)","À Treiten, les deux propositions sont rejetées. L’initiative solaire est refusée avec 57,7 pour cent et le contre-projet avec 70,7 pour cent."
501,74.1,74.1,25.9,"Tschugg (BE)","Avec 74,1 pour cent de oui, Tschugg se prononce en faveur de l’initiative solaire et, avec 50 pour cent de oui, également pour le contre-projet. Lors de la question subsidiaire, le contre-projet l’emporte avec 64,8 pour cent des voix."
502,79.9,79.9,20.1,"Vinelz (BE)","Avec 79,9 pour cent de oui, Vinelz se prononce en faveur de l’initiative solaire et, avec 57 pour cent de oui, également pour le contre-projet. Lors de la question subsidiaire, l’initiative solaire l’emporte avec 66,8 pour cent."
533,96.1,96.1,3.9,"Bätterkinden (BE)","Bätterkinden approuve l’initiative solaire avec 96,1 pour cent et rejette le contre-projet avec 86,5 pour cent des voix."
538,63.2,63.2,36.8,"Fraubrunnen (BE)","Fraubrunnen approuve l’initiative solaire avec 63,2 pour cent et rejette le contre-projet avec 89,2 pour cent des voix."
540,89.6,89.6,10.4,"Jegenstorf (BE)","89,6 pour cent des citoyens de Jegenstorf approuvent l’initiative solaire, et 64 pour cent soutiennent le contre-projet. Lors de la question subsidiaire, le contre-projet l’emporte avec 56,1 pour cent des voix."
541,31.9,31.9,68.1,"Iffwil (BE)","Iffwil rejette l’initiative solaire avec 68,1 pour cent et approuve le contre-projet avec 84,6 pour cent."
543,29.2,29.2,70.8,"Mattstetten (BE)","À Mattstetten, les deux propositions sont rejetées. L’initiative solaire est refusée avec 70,8 pour cent et le contre-projet avec 58 pour cent."
544,45.8,45.8,54.2,"Moosseedorf (BE)","Non à l’initiative et au contre-projet à Moosseedorf : 54,2 pour cent rejettent l’initiative solaire et 61,4 pour cent rejettent le contre-projet."
546,34.2,34.2,65.8,"Münchenbuchsee (BE)","Münchenbuchsee rejette à la fois l’initiative solaire et le contre-projet, avec 65,8 et 70,6 pour cent respectivement."
551,59.6,59.6,40.4,"Urtenen-Schönbühl (BE)","Avec 59,6 pour cent de oui, Urtenen-Schönbühl se prononce en faveur de l’initiative solaire. Le contre-projet est rejeté par 68,9 pour cent des électeurs."
552,32.4,32.4,67.6,"Utzenstorf (BE)","Avec 95,6 pour cent de oui, Utzenstorf se prononce en faveur du contre-projet à l’initiative solaire. L’initiative solaire est rejetée avec 67,6 pour cent."
553,49.7,49.7,50.3,"Wiggiswil (BE)","À Wiggiswil, les deux propositions sont rejetées. L’initiative solaire est refusée avec 50,3 pour cent et le contre-projet avec 64,7 pour cent."
554,24.4,24.4,75.6,"Wiler bei Utzenstorf (BE)","Wiler bei Utzenstorf rejette l’initiative solaire avec 75,6 pour cent et approuve le contre-projet avec 63,4 pour cent."
556,68.8,68.8,31.2,"Zielebach (BE)","Avec 68,8 pour cent de oui, Zielebach se prononce en faveur de l’initiative solaire. Le contre-projet est rejeté par 74,5 pour cent des électeurs."
557,83.6,83.6,16.4,"Zuzwil (BE)","Zuzwil (BE) approuve l’initiative solaire avec 83,6 pour cent et rejette le contre-projet avec 59,1 pour cent des voix."
561,53.6,53.6,46.4,"Adelboden (BE)","Adelboden approuve l’initiative solaire avec 53,6 pour cent et rejette le contre-projet avec 56,6 pour cent des voix."
562,62.5,62.5,37.5,"Aeschi bei Spiez (BE)","Aeschi bei Spiez approuve l’initiative solaire avec 62,5 pour cent et rejette le contre-projet avec 79,3 pour cent des voix."
563,59.2,59.2,40.8,"Frutigen (BE)","59,2 pour cent des citoyens de Frutigen approuvent l’initiative solaire, et 57 pour cent soutiennent le contre-projet. Lors de la question subsidiaire, l’initiative solaire l’emporte avec 82,7 pour cent."
564,76.5,76.5,23.5,"Kandergrund (BE)","Kandergrund accepte à la fois l’initiative solaire et le contre-projet avec 76,5 pour cent et 70,8 pour cent respectivement. Lors de la question subsidiaire, la commune opte pour l’initiative solaire avec 90,1 pour cent."
565,54.1,54.1,45.9,"Kandersteg (BE)","Kandersteg accepte à la fois l’initiative solaire et le contre-projet avec 54,1 pour cent et 65,9 pour cent respectivement. Lors de la question subsidiaire, la commune choisit le contre-projet avec 81,4 pour cent des voix."
566,83.9,83.9,16.1,"Krattigen (BE)","83,9 pour cent des citoyens de Krattigen approuvent l’initiative solaire, et 53,2 pour cent soutiennent le contre-projet. Lors de la question subsidiaire, l’initiative solaire l’emporte avec 87,1 pour cent."
567,48.6,48.6,51.4,"Reichenbach im Kandertal (BE)","Reichenbach im Kandertal rejette l’initiative solaire avec 51,4 pour cent et approuve le contre-projet avec 84,7 pour cent."
571,91,91,9,"Beatenberg (BE)","Avec 91 pour cent de oui, Beatenberg se prononce en faveur de l’initiative solaire. Le contre-projet est rejeté par 76,2 pour cent des électeurs."
572,73.7,73.7,26.3,"Bönigen (BE)","Avec 73,7 pour cent de oui, Bönigen se prononce en faveur de l’initiative solaire. Le contre-projet est rejeté par 98,9 pour cent des électeurs."
573,55.1,55.1,44.9,"Brienz (BE)","Avec 55,1 pour cent de oui, Brienz (BE) se prononce en faveur de l’initiative solaire et, avec 63 pour cent de oui, également pour le contre-projet. Lors de la question subsidiaire, l’initiative solaire l’emporte avec 57,1 pour cent."
574,58.2,58.2,41.8,"Brienzwiler (BE)","Brienzwiler approuve l’initiative solaire avec 58,2 pour cent et rejette le contre-projet avec 97,4 pour cent des voix."
575,71.2,71.2,28.8,"Därligen (BE)","Avec 71,2 pour cent de oui, Därligen se prononce en faveur de l’initiative solaire. Le contre-projet est rejeté par 66,3 pour cent des électeurs."
576,31.4,31.4,68.6,"Grindelwald (BE)","Avec 79,8 pour cent de oui, Grindelwald se prononce en faveur du contre-projet à l’initiative solaire. L’initiative solaire est rejetée avec 68,6 pour cent."
577,4.7,4.7,95.3,"Gsteigwiler (BE)","Gsteigwiler rejette à la fois l’initiative solaire et le contre-projet, avec 95,3 et 81,2 pour cent respectivement."
578,61.6,61.6,38.4,"Gündlischwand (BE)","Gündlischwand approuve l’initiative solaire avec 61,6 pour cent et rejette le contre-projet avec 85,3 pour cent des voix."
579,55.1,55.1,44.9,"Habkern (BE)","Habkern accepte à la fois l’initiative solaire et le contre-projet avec 55,1 pour cent et 92 pour cent respectivement. Lors de la question subsidiaire, la commune choisit le contre-projet avec 51,8 pour cent des voix."
580,58.5,58.5,41.5,"Hofstetten bei Brienz (BE)","Avec 58,5 pour cent de oui, Hofstetten bei Brienz se prononce en faveur de l’initiative solaire et, avec 84,1 pour cent de oui, également pour le contre-projet. Lors de la question subsidiaire, l’initiative solaire l’emporte avec 50,9 pour cent."
581,35.7,35.7,64.3,"Interlaken (BE)","Interlaken rejette l’initiative solaire avec 64,3 pour cent et approuve le contre-projet avec 78,2 pour cent."
582,38.2,38.2,61.8,"Iseltwald (BE)","À Iseltwald, les deux propositions sont rejetées. L’initiative solaire est refusée avec 61,8 pour cent et le contre-projet avec 77,6 pour cent."
584,66.6,66.6,33.4,"Lauterbrunnen (BE)","66,6 pour cent des citoyens de Lauterbrunnen approuvent l’initiative solaire. Ils rejettent le contre-projet avec 61,3 pour cent."
585,58.7,58.7,41.3,"Leissigen (BE)","Leissigen approuve l’initiative solaire avec 58,7 pour cent et rejette le contre-projet avec 52,9 pour cent des voix."
586,47.1,47.1,52.9,"Lütschental (BE)","Non à l’initiative et au contre-projet à Lütschental : 52,9 pour cent rejettent l’initiative solaire et 60,8 pour cent rejettent le contre-projet."
587,51.4,51.4,48.6,"Matten bei Interlaken (BE)","Matten bei Interlaken accepte à la fois l’initiative solaire et le contre-projet avec 51,4 pour cent et 73,6 pour cent respectivement. Lors de la question subsidiaire, la commune opte pour l’initiative solaire avec 54,4 pour cent."
588,17.4,17.4,82.6,"Niederried bei Interlaken (BE)","62 pour cent des citoyens de Niederried bei Interlaken approuvent le contre-projet à l’initiative solaire. Ils rejettent l’initiative avec 82,6 pour cent."
589,29.2,29.2,70.8,"Oberried am Brienzersee (BE)","Avec 75,3 pour cent de oui, Oberried am Brienzersee se prononce en faveur du contre-projet à l’initiative solaire. L’initiative solaire est rejetée avec 70,8 pour cent."
590,18.1,18.1,81.9,"Ringgenberg (BE)","À Ringgenberg (BE), les deux propositions sont rejetées. L’initiative solaire est refusée avec 81,9 pour cent et le contre-projet avec 51,2 pour cent."
591,58.4,58.4,41.6,"Saxeten (BE)","Avec 58,4 pour cent de oui, Saxeten se prononce en faveur de l’initiative solaire et, avec 78,6 pour cent de oui, également pour le contre-projet. Lors de la question subsidiaire, le contre-projet l’emporte avec 87,2 pour cent des voix."
592,94.4,94.4,5.6,"Schwanden bei Brienz (BE)","Avec 94,4 pour cent de oui, Schwanden bei Brienz se prononce en faveur de l’initiative solaire et, avec 84,7 pour cent de oui, également pour le contre-projet. Lors de la question subsidiaire, l’initiative solaire l’emporte avec 53,2 pour cent."
593,34.9,34.9,65.1,"Unterseen (BE)","Non à l’initiative et au contre-projet à Unterseen : 65,1 pour cent rejettent l’initiative solaire et 95,2 pour cent rejettent le contre-projet."
594,14.9,14.9,85.1,"Wilderswil (BE)","Non à l’initiative et au contre-projet à Wilderswil : 85,1 pour cent rejettent l’initiative solaire et 79,5 pour cent rejettent le contre-projet."
602,71.3,71.3,28.7,"Arni (BE)","Arni (BE) approuve l’initiative solaire avec 71,3 pour cent et rejette le contre-projet avec 94,7 pour cent des voix."
603,18.5,18.5,81.5,"Biglen (BE)","Biglen rejette l’initiative solaire avec 81,5 pour cent et approuve le contre-projet avec 89,3 pour cent."
605,71.8,71.8,28.2,"Bowil (BE)","Avec 71,8 pour cent de oui, Bowil se prononce en faveur de l’initiative solaire et, avec 54,5 pour cent de oui, également pour le contre-projet. Lors de la question subsidiaire, l’initiative solaire l’emporte avec 58 pour cent."
606,68.2,68.2,31.8,"Brenzikofen (BE)","Avec 68,2 pour cent de oui, Brenzikofen se prononce en faveur de l’initiative solaire et, avec 74,7 pour cent de oui, également pour le contre-projet. Lors de la question subsidiaire, l’initiative solaire l’emporte avec 54,1 pour cent."
607,57.1,57.1,42.9,"Freimettigen (BE)","57,1 pour cent des citoyens de Freimettigen approuvent l’initiative solaire, et 64,4 pour cent soutiennent le contre-projet. Lors de la question subsidiaire, le contre-projet l’emporte avec 55,5 pour cent des voix."
608,38.5,38.5,61.5,"Grosshöchstetten (BE)","Non à l’initiative et au contre-projet à Grosshöchstetten : 61,5 pour cent rejettent l’initiative solaire et 50,7 pour cent rejettent le contre-projet."
609,65.4,65.4,34.6,"Häutligen (BE)","Avec 65,4 pour cent de oui, Häutligen se prononce en faveur de l’initiative solaire et, avec 57,6 pour cent de oui, également pour le contre-projet. Lors de la question subsidiaire, l’initiative solaire l’emporte avec 55,6 pour cent."
610,26.1,26.1,73.9,"Herbligen (BE)","83,8 pour cent des citoyens de Herbligen approuvent le contre-projet à l’initiative solaire. Ils rejettent l’initiative avec 73,9 pour cent."
611,35.7,35.7,64.3,"Kiesen (BE)","87 pour cent des citoyens de Kiesen approuvent le contre-projet à l’initiative solaire. Ils rejettent l’initiative avec 64,3 pour cent."
612,54.8,54.8,45.2,"Konolfingen (BE)","Avec 54,8 pour cent de oui, Konolfingen se prononce en faveur de l’initiative solaire. Le contre-projet est rejeté par 51,8 pour cent des électeurs."
613,36.6,36.6,63.4,"Landiswil (BE)","Landiswil rejette l’initiative solaire avec 63,4 pour cent et approuve le contre-projet avec 76,1 pour cent."
614,52.7,52.7,47.3,"Linden (BE)","Linden accepte à la fois l’initiative solaire et le contre-projet avec 52,7 pour cent et 87,6 pour cent respectivement. Lors de la question subsidiaire, la commune choisit le contre-projet avec 66,9 pour cent des voix."
615,79.5,79.5,20.5,"Mirchel (BE)","Avec 79,5 pour cent de oui, Mirchel se prononce en faveur de l’initiative solaire. Le contre-projet est rejeté par 54,4 pour cent des électeurs."
616,84.1,84.1,15.9,"Münsingen (BE)","Avec 84,1 pour cent de oui, Münsingen se prononce en faveur de l’initiative solaire. Le contre-projet est rejeté par 79,5 pour cent des électeurs."
617,59.9,59.9,40.1,"Niederhünigen (BE)","Niederhünigen approuve l’initiative solaire avec 59,9 pour cent et rejette le contre-projet avec 83,5 pour cent des voix."
619,63.9,63.9,36.1,"Oberdiessbach (BE)","Oberdiessbach accepte à la fois l’initiative solaire et le contre-projet avec 63,9 pour cent et 58 pour cent respectivement. Lors de la question subsidiaire, la commune opte pour l’initiative solaire avec 58,7 pour cent."
620,19.4,19.4,80.6,"Oberthal (BE)","Oberthal rejette à la fois l’initiative solaire et le contre-projet, avec 80,6 et 60,9 pour cent respectivement."
622,87,87,13,"Oppligen (BE)","87 pour cent des citoyens d'Oppligen approuvent l’initiative solaire, et 56 pour cent soutiennent le contre-projet. Lors de la question subsidiaire, le contre-projet l’emporte avec 53,2 pour cent des voix."
623,41.3,41.3,58.7,"Rubigen (BE)","À Rubigen, les deux propositions sont rejetées. L’initiative solaire est refusée avec 58,7 pour cent et le contre-projet avec 94,2 pour cent."
626,42.4,42.4,57.6,"Walkringen (BE)","96,9 pour cent des citoyens de Walkringen approuvent le contre-projet à l’initiative solaire. Ils rejettent l’initiative avec 57,6 pour cent."
627,42.7,42.7,57.3,"Worb (BE)","Worb rejette à la fois l’initiative solaire et le contre-projet, avec 57,3 et 61,7 pour cent respectivement."
628,4.9,4.9,95.1,"Zäziwil (BE)","Avec 87,4 pour cent de oui, Zäziwil se prononce en faveur du contre-projet à l’initiative solaire. L’initiative solaire est rejetée avec 95,1 pour cent."
630,92.4,92.4,7.6,"Allmendingen (BE)","Avec 92,4 pour cent de oui, Allmendingen se prononce en faveur de l’initiative solaire. Le contre-projet est rejeté par 52,4 pour cent des électeurs."
632,26.4,26.4,73.6,"Wichtrach (BE)","Avec 99 pour cent de oui, Wichtrach se prononce en faveur du contre-projet à l’initiative solaire. L’initiative solaire est rejetée avec 73,6 pour cent."
662,60.2,60.2,39.8,"Ferenbalm (BE)","Avec 60,2 pour cent de oui, Ferenbalm se prononce en faveur de l’initiative solaire. Le contre-projet est rejeté par 78,4 pour cent des électeurs."
663,53.2,53.2,46.8,"Frauenkappelen (BE)","Avec 53,2 pour cent de oui, Frauenkappelen se prononce en faveur de l’initiative solaire et, avec 95,4 pour cent de oui, également pour le contre-projet. Lors de la question subsidiaire, l’initiative solaire l’emporte avec 52,3 pour cent."
665,4.5,4.5,95.5,"Gurbrü (BE)","À Gurbrü, les deux propositions sont rejetées. L’initiative solaire est refusée avec 95,5 pour cent et le contre-projet avec 93,3 pour cent."
666,29.9,29.9,70.1,"Kriechenwil (BE)","Avec 50,6 pour cent de oui, Kriechenwil se prononce en faveur du contre-projet à l’initiative solaire. L’initiative solaire est rejetée avec 70,1 pour cent."
667,84.7,84.7,15.3,"Laupen (BE)","Laupen approuve l’initiative solaire avec 84,7 pour cent et rejette le contre-projet avec 55,6 pour cent des voix."
668,78.5,78.5,21.5,"Mühleberg (BE)","78,5 pour cent des citoyens de Mühleberg approuvent l’initiative solaire. Ils rejettent le contre-projet avec 57,2 pour cent."
669,57.2,57.2,42.8,"Villars-les-Moines (BE)","Villars-les-Moines approuve l’initiative solaire avec 57,2 pour cent et rejette le contre-projet avec 98,4 pour cent des voix."
670,49.3,49.3,50.7,"Neuenegg (BE)","Neuenegg rejette à la fois l’initiative solaire et le contre-projet, avec 50,7 et 65,3 pour cent respectivement."
671,60.5,60.5,39.5,"Wileroltigen (BE)","Wileroltigen approuve l’initiative solaire avec 60,5 pour cent et rejette le contre-projet avec 65,2 pour cent des voix."
681,1,1,99,"Belprahon (BE)","Avec 78,6 pour cent de oui, Belprahon se prononce en faveur du contre-projet à l’initiative solaire. L’initiative solaire est rejetée avec 99 pour cent."
683,60.2,60.2,39.8,"Champoz (BE)","60,2 pour cent des citoyens de Champoz approuvent l’initiative solaire, et 75,4 pour cent soutiennent le contre-projet. Lors de la question subsidiaire, le contre-projet l’emporte avec 84,8 pour cent des voix."
687,95.3,95.3,4.7,"Corcelles (BE)","Corcelles (BE) approuve l’initiative solaire avec 95,3 pour cent et rejette le contre-projet avec 98,1 pour cent des voix."
690,99.4,99.4,0.6,"Court (BE)","Court accepte à la fois l’initiative solaire et le contre-projet avec 99,4 pour cent et 83,5 pour cent respectivement. Lors de la question subsidiaire, la commune choisit le contre-projet avec 68,4 pour cent des voix."
691,52.6,52.6,47.4,"Crémines (BE)","Crémines approuve l’initiative solaire avec 52,6 pour cent et rejette le contre-projet avec 63 pour cent des voix."
692,59.1,59.1,40.9,"Eschert (BE)","59,1 pour cent des citoyens d'Eschert approuvent l’initiative solaire. Ils rejettent le contre-projet avec 71,8 pour cent."
694,55.6,55.6,44.4,"Grandval (BE)","Grandval approuve l’initiative solaire avec 55,6 pour cent et rejette le contre-projet avec 53 pour cent des voix."
696,90.4,90.4,9.6,"Loveresse (BE)","Avec 90,4 pour cent de oui, Loveresse se prononce en faveur de l’initiative solaire et, avec 63,6 pour cent de oui, également pour le contre-projet. Lors de la question subsidiaire, l’initiative solaire l’emporte avec 75,7 pour cent."
700,45.3,45.3,54.7,"Moutier (BE)","63,3 pour cent des citoyens de Moutier approuvent le contre-projet à l’initiative solaire. Ils rejettent l’initiative avec 54,7 pour cent."
701,77.1,77.1,22.9,"Perrefitte (BE)","Perrefitte approuve l’initiative solaire avec 77,1 pour cent et rejette le contre-projet avec 97,8 pour cent des voix."
703,52.2,52.2,47.8,"Reconvilier (BE)","52,2 pour cent des citoyens de Reconvilier approuvent l’initiative solaire, et 52,6 pour cent soutiennent le contre-projet. Lors de la question subsidiaire, le contre-projet l’emporte avec 70,9 pour cent des voix."
704,59.5,59.5,40.5,"Roches (BE)","Roches (BE) approuve l’initiative solaire avec 59,5 pour cent et rejette le contre-projet avec 77,4 pour cent des voix."
706,74.2,74.2,25.8,"Saicourt (BE)","74,2 pour cent des citoyens de Saicourt approuvent l’initiative solaire, et 57,9 pour cent soutiennent le contre-projet. Lors de la question subsidiaire, l’initiative solaire l’emporte avec 68,1 pour cent."
707,42.6,42.6,57.4,"Saules (BE)","À Saules (BE), les deux propositions sont rejetées. L’initiative solaire est refusée avec 57,4 pour cent et le contre-projet avec 74,9 pour cent."
708,24.2,24.2,75.8,"La Scheulte (BE)","Avec 51,6 pour cent de oui, La Scheulte se prononce en faveur du contre-projet à l’initiative solaire. L’initiative solaire est rejetée avec 75,8 pour cent."
709,39.9,39.9,60.1,"Seehof (BE)","À Seehof, les deux propositions sont rejetées. L’initiative solaire est refusée avec 60,1 pour cent et le contre-projet avec 78,5 pour cent."
711,28.2,28.2,71.8,"Sorvilier (BE)","Avec 59,5 pour cent de oui, Sorvilier se prononce en faveur du contre-projet à l’initiative solaire. L’initiative solaire est rejetée avec 71,8 pour cent."
713,38.8,38.8,61.2,"Tavannes (BE)","Avec 82,4 pour cent de oui, Tavannes se prononce en faveur du contre-projet à l’initiative solaire. L’initiative solaire est rejetée avec 61,2 pour cent."
715,13.6,13.6,86.4,"Rebévelier (BE)","Non à l’initiative et au contre-projet à Rebévelier : 86,4 pour cent rejettent l’initiative solaire et 50,9 pour cent rejettent le contre-projet."
716,15.8,15.8,84.2,"Petit-Val (BE)","À Petit-Val, les deux propositions sont rejetées. L’initiative solaire est refusée avec 84,2 pour cent et le contre-projet avec 52,8 pour cent."
717,47.9,47.9,52.1,"Valbirse (BE)","À Valbirse, les deux propositions sont rejetées. L’initiative solaire est refusée avec 52,1 pour cent et le contre-projet avec 77 pour cent."
723,34,34,66,"La Neuveville (BE)","Non à l’initiative et au contre-projet à La Neuveville : 66 pour cent rejettent l’initiative solaire et 61 pour cent rejettent le contre-projet."
724,66.3,66.3,33.7,"Nods (BE)","Nods approuve l’initiative solaire avec 66,3 pour cent et rejette le contre-projet avec 57,6 pour cent des voix."
726,30.9,30.9,69.1,"Plateau de Diesse (BE)","Avec 56,6 pour cent de oui, Plateau de Diesse se prononce en faveur du contre-projet à l’initiative solaire. L’initiative solaire est rejetée avec 69,1 pour cent."
731,97.4,97.4,2.6,"Aegerten (BE)","Avec 97,4 pour cent de oui, Aegerten se prononce en faveur de l’initiative solaire. Le contre-projet est rejeté par 64,2 pour cent des électeurs."
732,27.7,27.7,72.3,"Bellmund (BE)","Bellmund rejette à la fois l’initiative solaire et le contre-projet, avec 72,3 et 75,1 pour cent respectivement."
733,32.8,32.8,67.2,"Brügg (BE)","À Brügg, les deux propositions sont rejetées. L’initiative solaire est refusée avec 67,2 pour cent et le contre-projet avec 55,2 pour cent."
734,19.4,19.4,80.6,"Bühl (BE)","Non à l’initiative et au contre-projet à Bühl : 80,6 pour cent rejettent l’initiative solaire et 55 pour cent rejettent le contre-projet."
735,86.3,86.3,13.7,"Epsach (BE)","Epsach accepte à la fois l’initiative solaire et le contre-projet avec 86,3 pour cent et 54 pour cent respectivement. Lors de la question subsidiaire, la commune opte pour l’initiative solaire avec 80,7 pour cent."
736,47.6,47.6,52.4,"Hagneck (BE)","Avec 74 pour cent de oui, Hagneck se prononce en faveur du contre-projet à l’initiative solaire. L’initiative solaire est rejetée avec 52,4 pour cent."
737,55.3,55.3,44.7,"Hermrigen (BE)","Avec 55,3 pour cent de oui, Hermrigen se prononce en faveur de l’initiative solaire et, avec 67,6 pour cent de oui, également pour le contre-projet. Lors de la question subsidiaire, le contre-projet l’emporte avec 91 pour cent des voix."
738,68.3,68.3,31.7,"Jens (BE)","Avec 68,3 pour cent de oui, Jens se prononce en faveur de l’initiative solaire et, avec 60,4 pour cent de oui, également pour le contre-projet. Lors de la question subsidiaire, l’initiative solaire l’emporte avec 60,4 pour cent."
739,45.3,45.3,54.7,"Ipsach (BE)","Ipsach rejette à la fois l’initiative solaire et le contre-projet, avec 54,7 et 62,2 pour cent respectivement."
740,8.1,8.1,91.9,"Gléresse (BE)","Gléresse rejette l’initiative solaire avec 91,9 pour cent et approuve le contre-projet avec 81,8 pour cent."
741,3.4,3.4,96.6,"Merzligen (BE)","À Merzligen, les deux propositions sont rejetées. L’initiative solaire est refusée avec 96,6 pour cent et le contre-projet avec 53,9 pour cent."
742,39.2,39.2,60.8,"Mörigen (BE)","Avec 97,1 pour cent de oui, Mörigen se prononce en faveur du contre-projet à l’initiative solaire. L’initiative solaire est rejetée avec 60,8 pour cent."
743,4.4,4.4,95.6,"Nidau (BE)","Nidau rejette l’initiative solaire avec 95,6 pour cent et approuve le contre-projet avec 76,4 pour cent."
744,12.9,12.9,87.1,"Orpund (BE)","Orpund rejette l’initiative solaire avec 87,1 pour cent et approuve le contre-projet avec 52,8 pour cent."
745,94.8,94.8,5.2,"Port (BE)","94,8 pour cent des citoyens de Port approuvent l’initiative solaire, et 56 pour cent soutiennent le contre-projet. Lors de la question subsidiaire, l’initiative solaire l’emporte avec 62,6 pour cent."
746,31.3,31.3,68.7,"Safnern (BE)","Non à l’initiative et au contre-projet à Safnern : 68,7 pour cent rejettent l’initiative solaire et 87,6 pour cent rejettent le contre-projet."
747,63.4,63.4,36.6,"Scheuren (BE)","Avec 63,4 pour cent de oui, Scheuren se prononce en faveur de l’initiative solaire et, avec 99,4 pour cent de oui, également pour le contre-projet. Lors de la question subsidiaire, le contre-projet l’emporte avec 77 pour cent des voix."
748,41.7,41.7,58.3,"Schwadernau (BE)","Schwadernau rejette l’initiative solaire avec 58,3 pour cent et approuve le contre-projet avec 71,8 pour cent."
749,41.7,41.7,58.3,"Studen (BE)","58,5 pour cent des citoyens de Studen (BE) approuvent le contre-projet à l’initiative solaire. Ils rejettent l’initiative avec 58,3 pour cent."
750,19.8,19.8,80.2,"Sutz-Lattrigen (BE)","Sutz-Lattrigen rejette l’initiative solaire avec 80,2 pour cent et approuve le contre-projet avec 50,7 pour cent."
751,23.7,23.7,76.3,"Täuffelen (BE)","Non à l’initiative et au contre-projet à Täuffelen : 76,3 pour cent rejettent l’initiative solaire et 51,3 pour cent rejettent le contre-projet."
754,64,64,36,"Walperswil (BE)","Avec 64 pour cent de oui, Walperswil se prononce en faveur de l’initiative solaire. Le contre-projet est rejeté par 60,5 pour cent des électeurs."
755,97.8,97.8,2.2,"Worben (BE)","97,8 pour cent des citoyens de Worben approuvent l’initiative solaire, et 84,6 pour cent soutiennent le contre-projet. Lors de la question subsidiaire, l’initiative solaire l’emporte avec 87,8 pour cent."
756,61.8,61.8,38.2,"Douanne-Daucher (BE)","Avec 61,8 pour cent de oui, Douanne-Daucher se prononce en faveur de l’initiative solaire et, avec 95,9 pour cent de oui, également pour le contre-projet. Lors de la question subsidiaire, le contre-projet l’emporte avec 88,9 pour cent des voix."
761,45.2,45.2,54.8,"Därstetten (BE)","Avec 61,6 pour cent de oui, Därstetten se prononce en faveur du contre-projet à l’initiative solaire. L’initiative solaire est rejetée avec 54,8 pour cent."
762,78.7,78.7,21.3,"Diemtigen (BE)","Diemtigen approuve l’initiative solaire avec 78,7 pour cent et rejette le contre-projet avec 97,8 pour cent des voix."
763,33.8,33.8,66.2,"Erlenbach im Simmental (BE)","Erlenbach im Simmental rejette à la fois l’initiative solaire et le contre-projet, avec 66,2 et 56,1 pour cent respectivement."
766,30.9,30.9,69.1,"Oberwil im Simmental (BE)","Oberwil im Simmental rejette à la fois l’initiative solaire et le contre-projet, avec 69,1 et 71,1 pour cent respectivement."
767,5.9,5.9,94.1,"Reutigen (BE)","50,7 pour cent des citoyens de Reutigen approuvent le contre-projet à l’initiative solaire. Ils rejettent l’initiative avec 94,1 pour cent."
768,42.4,42.4,57.6,"Spiez (BE)","Avec 64,7 pour cent de oui, Spiez se prononce en faveur du contre-projet à l’initiative solaire. L’initiative solaire est rejetée avec 57,6 pour cent."
769,89.1,89.1,10.9,"Wimmis (BE)","89,1 pour cent des citoyens de Wimmis approuvent l’initiative solaire. Ils rejettent le contre-projet avec 51 pour cent."
770,44.3,44.3,55.7,"Stocken-Höfen (BE)","Non à l’initiative et au contre-projet à Stocken-Höfen : 55,7 pour cent rejettent l’initiative solaire et 76,2 pour cent rejettent le contre-projet."
782,62.3,62.3,37.7,"Guttannen (BE)","Guttannen accepte à la fois l’initiative solaire et le contre-projet avec 62,3 pour cent et 50,7 pour cent respectivement. Lors de la question subsidiaire, la commune choisit le contre-projet avec 90,4 pour cent des voix."
783,40.9,40.9,59.1,"Hasliberg (BE)","Avec 97,8 pour cent de oui, Hasliberg se prononce en faveur du contre-projet à l’initiative solaire. L’initiative solaire est rejetée avec 59,1 pour cent."
784,87.4,87.4,12.6,"Innertkirchen (BE)","Avec 87,4 pour cent de oui, Innertkirchen se prononce en faveur de l’initiative solaire. Le contre-projet est rejeté par 76,9 pour cent des électeurs."
785,51.1,51.1,48.9,"Meiringen (BE)","51,1 pour cent des citoyens de Meiringen approuvent l’initiative solaire, et 63,3 pour cent soutiennent le contre-projet. Lors de la question subsidiaire, l’initiative solaire l’emporte avec 50,1 pour cent."
786,12.2,12.2,87.8,"Schattenhalb (BE)","63,9 pour cent des citoyens de Schattenhalb approuvent le contre-projet à l’initiative solaire. Ils rejettent l’initiative avec 87,8 pour cent."
791,47.5,47.5,52.5,"Boltigen (BE)","Avec 90,6 pour cent de oui, Boltigen se prononce en faveur du contre-projet à l’initiative solaire. L’initiative solaire est rejetée avec 52,5 pour cent."
792,34.7,34.7,65.3,"Lenk (BE)","Lenk rejette l’initiative solaire avec 65,3 pour cent et approuve le contre-projet avec 62 pour cent."
793,2.6,2.6,97.4,"Saint-Etienne (BE)","Non à l’initiative et au contre-projet à Saint-Etienne : 97,4 pour cent rejettent l’initiative solaire et 75,5 pour cent rejettent le contre-projet."
794,69.1,69.1,30.9,"Zweisimmen (BE)","69,1 pour cent des citoyens de Zweisimmen approuvent l’initiative solaire, et 71,9 pour cent soutiennent le contre-projet. Lors de la question subsidiaire, le contre-projet l’emporte avec 52,2 pour cent des voix."
841,82.3,82.3,17.7,"Gsteig (BE)","82,3 pour cent des citoyens de Gsteig approuvent l’initiative solaire. Ils rejettent le contre-projet avec 54,1 pour cent."
842,29.6,29.6,70.4,"Lauenen (BE)","Lauenen rejette l’initiative solaire avec 70,4 pour cent et approuve le contre-projet avec 59,6 pour cent."
843,36.8,36.8,63.2,"Gessenay (BE)","Non à l’initiative et au contre-projet à Gessenay : 63,2 pour cent rejettent l’initiative solaire et 74,4 pour cent rejettent le contre-projet."
852,37.7,37.7,62.3,"Guggisberg (BE)","Non à l’initiative et au contre-projet à Guggisberg : 62,3 pour cent rejettent l’initiative solaire et 78,3 pour cent rejettent le contre-projet."
853,73.8,73.8,26.2,"Rüschegg (BE)","Rüschegg approuve l’initiative solaire avec 73,8 pour cent et rejette le contre-projet avec 83,8 pour cent des voix."
855,60.5,60.5,39.5,"Schwarzenburg (BE)","Avec 60,5 pour cent de oui, Schwarzenburg se prononce en faveur de l’initiative solaire. Le contre-projet est rejeté par 57,3 pour cent des électeurs."
861,83.9,83.9,16.1,"Belp (BE)","Belp approuve l’initiative solaire avec 83,9 pour cent et rejette le contre-projet avec 91,6 pour cent des voix."
863,84.9,84.9,15.1,"Burgistein (BE)","Burgistein approuve l’initiative solaire avec 84,9 pour cent et rejette le contre-projet avec 56,4 pour cent des voix."
866,2.4,2.4,97.6,"Gerzensee (BE)","Gerzensee rejette l’initiative solaire avec 97,6 pour cent et approuve le contre-projet avec 65,4 pour cent."
867,61.8,61.8,38.2,"Gurzelen (BE)","Avec 61,8 pour cent de oui, Gurzelen se prononce en faveur de l’initiative solaire et, avec 57,2 pour cent de oui, également pour le contre-projet. Lors de la question subsidiaire, l’initiative solaire l’emporte avec 59,4 pour cent."
868,28.7,28.7,71.3,"Jaberg (BE)","Non à l’initiative et au contre-projet à Jaberg : 71,3 pour cent rejettent l’initiative solaire et 68,4 pour cent rejettent le contre-projet."
869,54.1,54.1,45.9,"Kaufdorf (BE)","Kaufdorf accepte à la fois l’initiative solaire et le contre-projet avec 54,1 pour cent et 67,6 pour cent respectivement. Lors de la question subsidiaire, la commune choisit le contre-projet avec 69,5 pour cent des voix."
870,53.6,53.6,46.4,"Kehrsatz (BE)","53,6 pour cent des citoyens de Kehrsatz approuvent l’initiative solaire, et 57,4 pour cent soutiennent le contre-projet. Lors de la question subsidiaire, le contre-projet l’emporte avec 82,1 pour cent des voix."
872,31.8,31.8,68.2,"Kirchdorf (BE)","Non à l’initiative et au contre-projet à Kirchdorf (BE) : 68,2 pour cent rejettent l’initiative solaire et 51,9 pour cent rejettent le contre-projet."
879,97.6,97.6,2.4,"Riggisberg (BE)","Avec 97,6 pour cent de oui, Riggisberg se prononce en faveur de l’initiative solaire et, avec 64,5 pour cent de oui, également pour le contre-projet. Lors de la question subsidiaire, le contre-projet l’emporte avec 66,8 pour cent des voix."
880,24.7,24.7,75.3,"Rüeggisberg (BE)","Rüeggisberg rejette à la fois l’initiative solaire et le contre-projet, avec 75,3 et 69,4 pour cent respectivement."
883,63.1,63.1,36.9,"Seftigen (BE)","Avec 63,1 pour cent de oui, Seftigen se prononce en faveur de l’initiative solaire. Le contre-projet est rejeté par 92,4 pour cent des électeurs."
884,51.1,51.1,48.9,"Toffen (BE)","Toffen accepte à la fois l’initiative solaire et le contre-projet avec 51,1 pour cent et 57,1 pour cent respectivement. Lors de la question subsidiaire, la commune opte pour l’initiative solaire avec 58,8 pour cent."
885,92.5,92.5,7.5,"Uttigen (BE)","Uttigen approuve l’initiative solaire avec 92,5 pour cent et rejette le contre-projet avec 67,9 pour cent des voix."
886,59.2,59.2,40.8,"Wattenwil (BE)","Wattenwil approuve l’initiative solaire avec 59,2 pour cent et rejette le contre-projet avec 53,1 pour cent des voix."
888,61.1,61.1,38.9,"Wald (BE)","Wald (BE) accepte à la fois l’initiative solaire et le contre-projet avec 61,1 pour cent et 78 pour cent respectivement. Lors de la question subsidiaire, la commune opte pour l’initiative solaire avec 66,8 pour cent."
889,50.4,50.4,49.6,"Thurnen (BE)","Thurnen accepte à la fois l’initiative solaire et le contre-projet avec 50,4 pour cent et 52,2 pour cent respectivement. Lors de la question subsidiaire, la commune opte pour l’initiative solaire avec 76,5 pour cent."
901,39.3,39.3,60.7,"Eggiwil (BE)","Non à l’initiative et au contre-projet à Eggiwil : 60,7 pour cent rejettent l’initiative solaire et 62,1 pour cent rejettent le contre-projet."
902,56.5,56.5,43.5,"Langnau im Emmental (BE)","Avec 56,5 pour cent de oui, Langnau im Emmental se prononce en faveur de l’initiative solaire et, avec 50,5 pour cent de oui, également pour le contre-projet. Lors de la question subsidiaire, l’initiative solaire l’emporte avec 65,3 pour cent."
903,73.9,73.9,26.1,"Lauperswil (BE)","Lauperswil accepte à la fois l’initiative solaire et le contre-projet avec 73,9 pour cent et 60,5 pour cent respectivement. Lors de la question subsidiaire, la commune opte pour l’initiative solaire avec 63,4 pour cent."
904,39.1,39.1,60.9,"Röthenbach im Emmental (BE)","Röthenbach im Emmental rejette l’initiative solaire avec 60,9 pour cent et approuve le contre-projet avec 91,5 pour cent."
905,67.8,67.8,32.2,"Rüderswil (BE)","Avec 67,8 pour cent de oui, Rüderswil se prononce en faveur de l’initiative solaire et, avec 74,9 pour cent de oui, également pour le contre-projet. Lors de la question subsidiaire, le contre-projet l’emporte avec 76,2 pour cent des voix."
906,39.4,39.4,60.6,"Schangnau (BE)","À Schangnau, les deux propositions sont rejetées. L’initiative solaire est refusée avec 60,6 pour cent et le contre-projet avec 60,9 pour cent."
907,50.6,50.6,49.4,"Signau (BE)","50,6 pour cent des citoyens de Signau approuvent l’initiative solaire, et 52,9 pour cent soutiennent le contre-projet. Lors de la question subsidiaire, le contre-projet l’emporte avec 61,7 pour cent des voix."
908,58.9,58.9,41.1,"Trub (BE)","Avec 58,9 pour cent de oui, Trub se prononce en faveur de l’initiative solaire. Le contre-projet est rejeté par 78,4 pour cent des électeurs."
909,31.8,31.8,68.2,"Trubschachen (BE)","Non à l’initiative et au contre-projet à Trubschachen : 68,2 pour cent rejettent l’initiative solaire et 74,2 pour cent rejettent le contre-projet."
921,58.8,58.8,41.2,"Amsoldingen (BE)","Amsoldingen accepte à la fois l’initiative solaire et le contre-projet avec 58,8 pour cent et 51,8 pour cent respectivement. Lors de la question subsidiaire, la commune opte pour l’initiative solaire avec 62,9 pour cent."
922,54.8,54.8,45.2,"Blumenstein (BE)","54,8 pour cent des citoyens de Blumenstein approuvent l’initiative solaire. Ils rejettent le contre-projet avec 95,6 pour cent."
923,30.7,30.7,69.3,"Buchholterberg (BE)","À Buchholterberg, les deux propositions sont rejetées. L’initiative solaire est refusée avec 69,3 pour cent et le contre-projet avec 66,5 pour cent."
924,56.1,56.1,43.9,"Eriz (BE)","Avec 56,1 pour cent de oui, Eriz se prononce en faveur de l’initiative solaire. Le contre-projet est rejeté par 81,1 pour cent des électeurs."
925,50.9,50.9,49.1,"Fahrni (BE)","Avec 50,9 pour cent de oui, Fahrni se prononce en faveur de l’initiative solaire. Le contre-projet est rejeté par 84,9 pour cent des électeurs."
927,80.7,80.7,19.3,"Heiligenschwendi (BE)","80,7 pour cent des citoyens de Heiligenschwendi approuvent l’initiative solaire, et 50,1 pour cent soutiennent le contre-projet. Lors de la question subsidiaire, l’initiative solaire l’emporte avec 56,2 pour cent."
928,69.5,69.5,30.5,"Heimberg (BE)","69,5 pour cent des citoyens de Heimberg approuvent l’initiative solaire, et 57,8 pour cent soutiennent le contre-projet. Lors de la question subsidiaire, l’initiative solaire l’emporte avec 92,5 pour cent."
929,40.3,40.3,59.7,"Hilterfingen (BE)","Non à l’initiative et au contre-projet à Hilterfingen : 59,7 pour cent rejettent l’initiative solaire et 62,4 pour cent rejettent le contre-projet."
931,8.3,8.3,91.7,"Homberg (BE)","Non à l’initiative et au contre-projet à Homberg : 91,7 pour cent rejettent l’initiative solaire et 50,3 pour cent rejettent le contre-projet."
932,15,15,85,"Horrenbach-Buchen (BE)","Avec 79,4 pour cent de oui, Horrenbach-Buchen se prononce en faveur du contre-projet à l’initiative solaire. L’initiative solaire est rejetée avec 85 pour cent."
934,29.2,29.2,70.8,"Oberhofen am Thunersee (BE)","Oberhofen am Thunersee rejette à la fois l’initiative solaire et le contre-projet, avec 70,8 et 95,1 pour cent respectivement."
935,21.4,21.4,78.6,"Oberlangenegg (BE)","À Oberlangenegg, les deux propositions sont rejetées. L’initiative solaire est refusée avec 78,6 pour cent et le contre-projet avec 76,1 pour cent."
936,47.8,47.8,52.2,"Pohlern (BE)","Avec 76,5 pour cent de oui, Pohlern se prononce en faveur du contre-projet à l’initiative solaire. L’initiative solaire est rejetée avec 52,2 pour cent."
938,41.3,41.3,58.7,"Sigriswil (BE)","Sigriswil rejette l’initiative solaire avec 58,7 pour cent et approuve le contre-projet avec 52,3 pour cent."
939,56.4,56.4,43.6,"Steffisburg (BE)","Avec 56,4 pour cent de oui, Steffisburg se prononce en faveur de l’initiative solaire. Le contre-projet est rejeté par 54,2 pour cent des électeurs."
940,13.1,13.1,86.9,"Teuffenthal (BE)","Teuffenthal (BE) rejette l’initiative solaire avec 86,9 pour cent et approuve le contre-projet avec 68,8 pour cent."
941,79.1,79.1,20.9,"Thierachern (BE)","Thierachern accepte à la fois l’initiative solaire et le contre-projet avec 79,1 pour cent et 83,8 pour cent respectivement. Lors de la question subsidiaire, la commune choisit le contre-projet avec 75,3 pour cent des voix."
942,47.6,47.6,52.4,"Thoune (BE)","65 pour cent des citoyens de Thoune approuvent le contre-projet à l’initiative solaire. Ils rejettent l’initiative avec 52,4 pour cent."
943,67.2,67.2,32.8,"Uebeschi (BE)","67,2 pour cent des citoyens d'Uebeschi approuvent l’initiative solaire, et 54,7 pour cent soutiennent le contre-projet. Lors de la question subsidiaire, l’initiative solaire l’emporte avec 87,1 pour cent."
944,61.7,61.7,38.3,"Uetendorf (BE)","Avec 61,7 pour cent de oui, Uetendorf se prononce en faveur de l’initiative solaire et, avec 81 pour cent de oui, également pour le contre-projet. Lors de la question subsidiaire, le contre-projet l’emporte avec 61,3 pour cent des voix."
945,78.6,78.6,21.4,"Unterlangenegg (BE)","Avec 78,6 pour cent de oui, Unterlangenegg se prononce en faveur de l’initiative solaire. Le contre-projet est rejeté par 63,4 pour cent des électeurs."
946,49.4,49.4,50.6,"Wachseldorn (BE)","58,4 pour cent des citoyens de Wachseldorn approuvent le contre-projet à l’initiative solaire. Ils rejettent l’initiative avec 50,6 pour cent."
948,45.2,45.2,54.8,"Forst-Längenbühl (BE)","Forst-Längenbühl rejette l’initiative solaire avec 54,8 pour cent et approuve le contre-projet avec 51,9 pour cent."
951,63.5,63.5,36.5,"Affoltern im Emmental (BE)","Affoltern im Emmental accepte à la fois l’initiative solaire et le contre-projet avec 63,5 pour cent et 68 pour cent respectivement. Lors de la question subsidiaire, la commune opte pour l’initiative solaire avec 87,9 pour cent."
952,67.7,67.7,32.3,"Dürrenroth (BE)","Avec 67,7 pour cent de oui, Dürrenroth se prononce en faveur de l’initiative solaire et, avec 56,2 pour cent de oui, également pour le contre-projet. Lors de la question subsidiaire, l’initiative solaire l’emporte avec 67,7 pour cent."
953,54.2,54.2,45.8,"Eriswil (BE)","Eriswil approuve l’initiative solaire avec 54,2 pour cent et rejette le contre-projet avec 66 pour cent des voix."
954,24,24,76,"Huttwil (BE)","À Huttwil, les deux propositions sont rejetées. L’initiative solaire est refusée avec 76 pour cent et le contre-projet avec 50,5 pour cent."
955,70.6,70.6,29.4,"Lützelflüh (BE)","Lützelflüh accepte à la fois l’initiative solaire et le contre-projet avec 70,6 pour cent et 86,5 pour cent respectivement. Lors de la question subsidiaire, la commune choisit le contre-projet avec 95,9 pour cent des voix."
956,85.2,85.2,14.8,"Rüegsau (BE)","Avec 85,2 pour cent de oui, Rüegsau se prononce en faveur de l’initiative solaire. Le contre-projet est rejeté par 65,8 pour cent des électeurs."
957,22.8,22.8,77.2,"Sumiswald (BE)","84,4 pour cent des citoyens de Sumiswald approuvent le contre-projet à l’initiative solaire. Ils rejettent l’initiative avec 77,2 pour cent."
958,79.5,79.5,20.5,"Trachselwald (BE)","Avec 79,5 pour cent de oui, Trachselwald se prononce en faveur de l’initiative solaire. Le contre-projet est rejeté par 80,6 pour cent des électeurs."
959,93.9,93.9,6.1,"Walterswil (BE)","Avec 93,9 pour cent de oui, Walterswil (BE) se prononce en faveur de l’initiative solaire. Le contre-projet est rejeté par 58,3 pour cent des électeurs."
960,47.8,47.8,52.2,"Wyssachen (BE)","À Wyssachen, les deux propositions sont rejetées. L’initiative solaire est refusée avec 52,2 pour cent et le contre-projet avec 96,2 pour cent."
971,51.9,51.9,48.1,"Attiswil (BE)","Avec 51,9 pour cent de oui, Attiswil se prononce en faveur de l’initiative solaire et, avec 56,9 pour cent de oui, également pour le contre-projet. Lors de la question subsidiaire, le contre-projet l’emporte avec 62,9 pour cent des voix."
972,21.9,21.9,78.1,"Berken (BE)","Non à l’initiative et au contre-projet à Berken : 78,1 pour cent rejettent l’initiative solaire et 53,6 pour cent rejettent le contre-projet."
973,83.6,83.6,16.4,"Bettenhausen (BE)","83,6 pour cent des citoyens de Bettenhausen approuvent l’initiative solaire. Ils rejettent le contre-projet avec 56,1 pour cent."
975,41.8,41.8,58.2,"Farnern (BE)","Non à l’initiative et au contre-projet à Farnern : 58,2 pour cent rejettent l’initiative solaire et 50,7 pour cent rejettent le contre-projet."
976,35.3,35.3,64.7,"Graben (BE)","Graben rejette à la fois l’initiative solaire et le contre-projet, avec 64,7 et 84,3 pour cent respectivement."
977,60.6,60.6,39.4,"Heimenhausen (BE)","Avec 60,6 pour cent de oui, Heimenhausen se prononce en faveur de l’initiative solaire. Le contre-projet est rejeté par 59,6 pour cent des électeurs."
979,38.2,38.2,61.8,"Herzogenbuchsee (BE)","Avec 79,2 pour cent de oui, Herzogenbuchsee se prononce en faveur du contre-projet à l’initiative solaire. L’initiative solaire est rejetée avec 61,8 pour cent."
980,46.1,46.1,53.9,"Inkwil (BE)","Inkwil rejette à la fois l’initiative solaire et le contre-projet, avec 53,9 et 65,2 pour cent respectivement."
981,55.3,55.3,44.7,"Niederbipp (BE)","Niederbipp accepte à la fois l’initiative solaire et le contre-projet avec 55,3 pour cent et 57,5 pour cent respectivement. Lors de la question subsidiaire, la commune choisit le contre-projet avec 68,7 pour cent des voix."
982,48.9,48.9,51.1,"Niederönz (BE)","Avec 76 pour cent de oui, Niederönz se prononce en faveur du contre-projet à l’initiative solaire. L’initiative solaire est rejetée avec 51,1 pour cent."
983,76.9,76.9,23.1,"Oberbipp (BE)","Oberbipp approuve l’initiative solaire avec 76,9 pour cent et rejette le contre-projet avec 62,5 pour cent des voix."
985,79.1,79.1,20.9,"Ochlenberg (BE)","Ochlenberg approuve l’initiative solaire avec 79,1 pour cent et rejette le contre-projet avec 61,9 pour cent des voix."
987,32.3,32.3,67.7,"Rumisberg (BE)","50,3 pour cent des citoyens de Rumisberg approuvent le contre-projet à l’initiative solaire. Ils rejettent l’initiative avec 67,7 pour cent."
988,35.6,35.6,64.4,"Seeberg (BE)","Avec 56,6 pour cent de oui, Seeberg se prononce en faveur du contre-projet à l’initiative solaire. L’initiative solaire est rejetée avec 64,4 pour cent."
989,28.7,28.7,71.3,"Thörigen (BE)","Avec 75,4 pour cent de oui, Thörigen se prononce en faveur du contre-projet à l’initiative solaire. L’initiative solaire est rejetée avec 71,3 pour cent."
990,68.1,68.1,31.9,"Walliswil bei Niederbipp (BE)","Walliswil bei Niederbipp approuve l’initiative solaire avec 68,1 pour cent et rejette le contre-projet avec 54,6 pour cent des voix."
991,46.3,46.3,53.7,"Walliswil bei Wangen (BE)","À Walliswil bei Wangen, les deux propositions sont rejetées. L’initiative solaire est refusée avec 53,7 pour cent et le contre-projet avec 97,8 pour cent."
992,50.4,50.4,49.6,"Wangen an der Aare (BE)","50,4 pour cent des citoyens de Wangen an der Aare approuvent l’initiative solaire. Ils rejettent le contre-projet avec 86,9 pour cent."
995,98.4,98.4,1.6,"Wiedlisbach (BE)","98,4 pour cent des citoyens de Wiedlisbach approuvent l’initiative solaire, et 64,4 pour cent soutiennent le contre-projet. Lors de la question subsidiaire, l’initiative solaire l’emporte avec 50,4 pour cent."
